4.0.0, 4.0.0-71, 4.0.0-72-continue, 4.0.0-72-new
433, 493, 433, 493
446, 502, 446, 502
479, 535, 479, 535
487, 543, 487, 543
499, 547, 499, 547
515, 559, 515, 559
527, 575, 527, 575
536, 580, 536, 580
548, 584, 548, 584
565, 593, 565, 593
578, 598, 578, 598
586, 598, 586, 598
594, 598, 594, 598
606, 602, 606, 602
619, 607, 619, 607
636, 624, 636, 624
657, 633, 657, 633
673, 641, 673, 641
682, 650, 682, 650
694, 654, 694, 654
698, 658, 698, 658
702, 658, 702, 658
715, 659, 715, 659
727, 663, 727, 663
743, 671, 743, 671
744, 672, 744, 672
748, 672, 748, 672
748, 672, 748, 672
748, 672, 748, 672
